key,p10,p50,p90,base_final,top_lever,top_rho
custom,518.7,635.9,796.8,664.3,cognitive_feasibility,0.6407
custom~cw-robot-tax,490.8,639.6,788.5,655.9,adoption_end,0.6994
custom~grt-robot-tax,484.1,631.7,781.5,648.4,adoption_end,0.6963
custom~ubi,1586.1,1866.5,2147.4,1846.9,ubi_annual,0.8228
custom~compute-parity,465.1,563.4,719.4,596.7,adoption_end,0.6145
custom~swf,208.1,304.8,421.3,327.5,swf_profit_share,-0.474
custom~fed-vat,-511.3,-279.9,-56.0,-247.4,fed_vat_rate,-0.6715
custom~cw-robot-tax+ubi,1569.4,1846.9,2069.3,1838.5,ubi_annual,0.7701
custom~cw-robot-tax+compute-parity,443.4,565.0,701.8,588.3,adoption_end,0.6704
custom~cw-robot-tax+swf,198.3,294.1,423.9,318.6,swf_profit_share,-0.5741
custom~cw-robot-tax+fed-vat,-503.8,-295.5,-49.4,-255.8,fed_vat_rate,-0.7294
custom~grt-robot-tax+ubi,1562.6,1838.7,2060.0,1831.0,ubi_annual,0.7725
custom~grt-robot-tax+compute-parity,436.7,556.7,692.6,580.8,adoption_end,0.6674
custom~grt-robot-tax+swf,190.1,286.7,418.1,310.7,swf_profit_share,-0.5775
custom~grt-robot-tax+fed-vat,-508.9,-303.5,-58.2,-263.3,fed_vat_rate,-0.7329
custom~ubi+compute-parity,1526.0,1797.0,2071.3,1779.3,ubi_annual,0.8391
custom~ubi+swf,1289.1,1527.6,1737.9,1510.1,ubi_annual,0.8095
custom~ubi+fed-vat,597.2,874.7,1138.2,866.5,ubi_annual,0.5808
custom~compute-parity+swf,152.0,233.9,346.2,259.9,swf_profit_share,-0.5273
custom~compute-parity+fed-vat,-580.5,-342.6,-139.1,-315.0,fed_vat_rate,-0.7063
custom~swf+fed-vat,-826.0,-590.8,-428.6,-584.1,fed_vat_rate,-0.7878
custom~cw-robot-tax+ubi+compute-parity,1497.3,1771.7,1996.1,1770.9,ubi_annual,0.7945
custom~cw-robot-tax+ubi+swf,1263.5,1487.8,1770.4,1501.3,ubi_annual,0.855
custom~cw-robot-tax+ubi+fed-vat,544.7,849.3,1185.9,858.1,ubi_annual,0.6589
custom~cw-robot-tax+compute-parity+swf,138.2,233.9,345.8,251.0,swf_profit_share,-0.6119
custom~cw-robot-tax+compute-parity+fed-vat,-560.5,-359.1,-130.1,-323.4,fed_vat_rate,-0.7593
custom~cw-robot-tax+swf+fed-vat,-815.8,-603.1,-420.6,-593.0,fed_vat_rate,-0.7744
custom~grt-robot-tax+ubi+compute-parity,1492.5,1763.2,1989.7,1763.4,ubi_annual,0.7966
custom~grt-robot-tax+ubi+swf,1254.9,1480.4,1761.8,1493.4,ubi_annual,0.8564
custom~grt-robot-tax+ubi+fed-vat,538.6,843.1,1178.6,850.6,ubi_annual,0.662
custom~grt-robot-tax+compute-parity+swf,131.3,226.1,337.8,243.1,swf_profit_share,-0.6172
custom~grt-robot-tax+compute-parity+fed-vat,-567.2,-365.9,-139.5,-330.9,fed_vat_rate,-0.7617
custom~grt-robot-tax+swf+fed-vat,-825.0,-613.4,-429.1,-600.9,fed_vat_rate,-0.7771
custom~ubi+compute-parity+swf,1229.4,1465.9,1680.0,1442.5,ubi_annual,0.8256
custom~ubi+compute-parity+fed-vat,526.0,813.7,1054.3,798.9,ubi_annual,0.6013
custom~ubi+swf+fed-vat,238.0,569.2,835.7,529.8,ubi_annual,0.6996
custom~compute-parity+swf+fed-vat,-885.7,-660.2,-497.7,-651.8,fed_vat_rate,-0.8178
custom~cw-robot-tax+ubi+compute-parity+swf,1193.9,1422.3,1704.1,1433.6,ubi_annual,0.8592
custom~cw-robot-tax+ubi+compute-parity+fed-vat,483.5,791.2,1111.3,790.5,ubi_annual,0.6763
custom~cw-robot-tax+ubi+swf+fed-vat,256.9,521.3,792.6,520.9,ubi_annual,0.6487
custom~cw-robot-tax+compute-parity+swf+fed-vat,-883.8,-669.4,-494.9,-660.6,fed_vat_rate,-0.7919
custom~grt-robot-tax+ubi+compute-parity+swf,1184.4,1415.1,1695.6,1425.7,ubi_annual,0.8599
custom~grt-robot-tax+ubi+compute-parity+fed-vat,477.7,783.1,1103.5,783.0,ubi_annual,0.6779
custom~grt-robot-tax+ubi+swf+fed-vat,250.1,512.2,783.2,513.0,ubi_annual,0.6484
custom~grt-robot-tax+compute-parity+swf+fed-vat,-890.6,-678.6,-501.5,-668.5,fed_vat_rate,-0.7923
custom~ubi+compute-parity+swf+fed-vat,180.5,502.6,759.1,462.2,ubi_annual,0.7012
custom~cw-robot-tax+ubi+compute-parity+swf+fed-vat,190.9,459.9,730.0,453.3,ubi_annual,0.655
custom~grt-robot-tax+ubi+compute-parity+swf+fed-vat,182.4,451.3,720.4,445.4,ubi_annual,0.6557
acemoglu-modest,-16.8,-9.6,-2.7,-11.2,reabsorption_rate,-0.6612
acemoglu-modest~cw-robot-tax,-17.9,-10.3,-4.0,-11.7,reabsorption_rate,-0.5823
acemoglu-modest~grt-robot-tax,-18.4,-10.7,-4.6,-12.1,reabsorption_rate,-0.5813
acemoglu-modest~ubi,1034.7,1302.5,1552.6,1279.9,ubi_annual,0.9196
acemoglu-modest~compute-parity,-20.5,-13.4,-6.0,-15.0,reabsorption_rate,-0.6167
acemoglu-modest~swf,-65.9,-46.8,-35.4,-50.9,adoption_end,-0.5502
acemoglu-modest~fed-vat,-1139.4,-982.8,-819.2,-985.5,fed_vat_rate,-0.9987
acemoglu-modest~cw-robot-tax+ubi,1067.9,1280.0,1503.0,1279.5,ubi_annual,0.9106
acemoglu-modest~cw-robot-tax+compute-parity,-22.4,-14.0,-8.0,-15.4,reabsorption_rate,-0.5446
acemoglu-modest~cw-robot-tax+swf,-65.4,-47.5,-33.8,-51.4,swf_profit_share,-0.4999
acemoglu-modest~cw-robot-tax+fed-vat,-1177.4,-962.7,-816.5,-986.0,fed_vat_rate,-0.9985
acemoglu-modest~grt-robot-tax+ubi,1067.6,1279.5,1502.6,1279.1,ubi_annual,0.9107
acemoglu-modest~grt-robot-tax+compute-parity,-22.8,-14.3,-8.4,-15.9,reabsorption_rate,-0.543
acemoglu-modest~grt-robot-tax+swf,-65.9,-48.0,-34.3,-51.8,swf_profit_share,-0.499
acemoglu-modest~grt-robot-tax+fed-vat,-1177.9,-963.1,-817.0,-986.4,fed_vat_rate,-0.9985
acemoglu-modest~ubi+compute-parity,1030.7,1298.5,1548.1,1276.2,ubi_annual,0.9191
acemoglu-modest~ubi+swf,1034.9,1268.7,1473.6,1240.3,ubi_annual,0.9092
acemoglu-modest~ubi+fed-vat,31.3,278.4,542.5,244.1,ubi_annual,0.6934
acemoglu-modest~compute-parity+swf,-70.1,-50.9,-39.7,-54.6,adoption_end,-0.5722
acemoglu-modest~compute-parity+fed-vat,-1143.5,-986.0,-822.9,-989.3,fed_vat_rate,-0.9986
acemoglu-modest~swf+fed-vat,-1183.6,-1034.9,-847.7,-1025.1,fed_vat_rate,-0.9954
acemoglu-modest~cw-robot-tax+ubi+compute-parity,1064.7,1276.0,1500.3,1275.7,ubi_annual,0.9109
acemoglu-modest~cw-robot-tax+ubi+swf,1010.0,1240.8,1488.3,1239.8,ubi_annual,0.9231
acemoglu-modest~cw-robot-tax+ubi+fed-vat,-49.6,246.5,547.6,243.6,ubi_annual,0.7536
acemoglu-modest~cw-robot-tax+compute-parity+swf,-70.3,-50.8,-37.6,-55.1,adoption_end,-0.5145
acemoglu-modest~cw-robot-tax+compute-parity+fed-vat,-1179.8,-966.7,-820.9,-989.7,fed_vat_rate,-0.9984
acemoglu-modest~cw-robot-tax+swf+fed-vat,-1191.2,-1017.7,-865.6,-1025.6,fed_vat_rate,-0.9932
acemoglu-modest~grt-robot-tax+ubi+compute-parity,1064.3,1275.6,1499.9,1275.3,ubi_annual,0.911
acemoglu-modest~grt-robot-tax+ubi+swf,1009.5,1240.5,1487.7,1239.3,ubi_annual,0.9231
acemoglu-modest~grt-robot-tax+ubi+fed-vat,-49.9,246.1,547.3,243.2,ubi_annual,0.7535
acemoglu-modest~grt-robot-tax+compute-parity+swf,-70.9,-51.1,-38.0,-55.6,adoption_end,-0.5175
acemoglu-modest~grt-robot-tax+compute-parity+fed-vat,-1180.3,-967.1,-821.4,-990.1,fed_vat_rate,-0.9984
acemoglu-modest~grt-robot-tax+swf+fed-vat,-1191.6,-1018.3,-866.0,-1026.1,fed_vat_rate,-0.9932
acemoglu-modest~ubi+compute-parity+swf,1031.2,1265.6,1470.3,1236.5,ubi_annual,0.9091
acemoglu-modest~ubi+compute-parity+fed-vat,23.9,275.7,538.6,240.3,ubi_annual,0.693
acemoglu-modest~ubi+swf+fed-vat,-64.0,252.7,483.6,204.4,ubi_annual,0.7219
acemoglu-modest~compute-parity+swf+fed-vat,-1186.2,-1038.6,-851.2,-1028.9,fed_vat_rate,-0.995
acemoglu-modest~cw-robot-tax+ubi+compute-parity+swf,1006.2,1237.0,1484.3,1236.0,ubi_annual,0.9232
acemoglu-modest~cw-robot-tax+ubi+compute-parity+fed-vat,-53.9,243.2,544.3,239.9,ubi_annual,0.7526
acemoglu-modest~cw-robot-tax+ubi+swf+fed-vat,-61.1,198.0,502.6,203.9,ubi_annual,0.6552
acemoglu-modest~cw-robot-tax+compute-parity+swf+fed-vat,-1194.3,-1021.4,-869.1,-1029.4,fed_vat_rate,-0.9927
acemoglu-modest~grt-robot-tax+ubi+compute-parity+swf,1005.7,1236.6,1483.7,1235.6,ubi_annual,0.9233
acemoglu-modest~grt-robot-tax+ubi+compute-parity+fed-vat,-54.2,242.8,544.0,239.4,ubi_annual,0.7525
acemoglu-modest~grt-robot-tax+ubi+swf+fed-vat,-61.5,197.5,502.1,203.5,ubi_annual,0.6553
acemoglu-modest~grt-robot-tax+compute-parity+swf+fed-vat,-1194.7,-1021.8,-869.6,-1029.9,fed_vat_rate,-0.9927
acemoglu-modest~ubi+compute-parity+swf+fed-vat,-68.2,248.3,480.1,200.7,ubi_annual,0.7212
acemoglu-modest~cw-robot-tax+ubi+compute-parity+swf+fed-vat,-63.6,194.0,498.1,200.2,ubi_annual,0.6558
acemoglu-modest~grt-robot-tax+ubi+compute-parity+swf+fed-vat,-64.0,193.5,497.6,199.7,ubi_annual,0.6559
brynjolfsson-augment,-89.7,-66.4,-52.5,-71.1,adoption_end,-0.6399
brynjolfsson-augment~cw-robot-tax,-89.5,-67.5,-54.1,-73.0,adoption_end,-0.5643
brynjolfsson-augment~grt-robot-tax,-91.4,-69.2,-55.6,-74.6,adoption_end,-0.5722
brynjolfsson-augment~ubi,992.7,1257.7,1511.8,1222.0,ubi_annual,0.9096
brynjolfsson-augment~compute-parity,-108.1,-81.0,-63.3,-86.3,adoption_end,-0.6702
brynjolfsson-augment~swf,-167.8,-133.2,-105.0,-140.6,adoption_end,-0.6048
brynjolfsson-augment~fed-vat,-1207.1,-1054.9,-866.6,-1048.8,fed_vat_rate,-0.994
brynjolfsson-augment~cw-robot-tax+ubi,966.5,1214.4,1458.9,1220.1,ubi_annual,0.9051
brynjolfsson-augment~cw-robot-tax+compute-parity,-106.8,-81.7,-65.1,-88.2,adoption_end,-0.6019
brynjolfsson-augment~cw-robot-tax+swf,-179.5,-141.6,-103.4,-142.6,adoption_end,-0.6216
brynjolfsson-augment~cw-robot-tax+fed-vat,-1218.1,-1046.7,-897.8,-1050.7,fed_vat_rate,-0.9909
brynjolfsson-augment~grt-robot-tax+ubi,964.7,1212.4,1456.9,1218.4,ubi_annual,0.905
brynjolfsson-augment~grt-robot-tax+compute-parity,-108.7,-83.3,-66.4,-89.9,adoption_end,-0.6083
brynjolfsson-augment~grt-robot-tax+swf,-182.0,-143.5,-105.0,-144.4,adoption_end,-0.6228
brynjolfsson-augment~grt-robot-tax+fed-vat,-1219.7,-1048.3,-899.6,-1052.4,fed_vat_rate,-0.9906
brynjolfsson-augment~ubi+compute-parity,977.3,1242.9,1490.7,1206.7,ubi_annual,0.9087
brynjolfsson-augment~ubi+swf,928.0,1152.2,1375.5,1152.4,ubi_annual,0.9037
brynjolfsson-augment~ubi+fed-vat,-131.7,207.7,458.1,182.8,ubi_annual,0.6834
brynjolfsson-augment~compute-parity+swf,-184.3,-148.2,-116.5,-155.8,adoption_end,-0.6259
brynjolfsson-augment~compute-parity+fed-vat,-1219.2,-1069.4,-880.8,-1064.0,fed_vat_rate,-0.9917
brynjolfsson-augment~swf+fed-vat,-1307.0,-1134.1,-933.4,-1118.3,fed_vat_rate,-0.9767
brynjolfsson-augment~cw-robot-tax+ubi+compute-parity,950.8,1202.1,1446.6,1204.8,ubi_annual,0.9058
brynjolfsson-augment~cw-robot-tax+ubi+swf,911.3,1152.9,1417.4,1150.4,ubi_annual,0.9029
brynjolfsson-augment~cw-robot-tax+ubi+fed-vat,-100.0,168.6,469.9,180.9,ubi_annual,0.6935
brynjolfsson-augment~cw-robot-tax+compute-parity+swf,-197.7,-154.7,-115.1,-157.8,adoption_end,-0.6384
brynjolfsson-augment~cw-robot-tax+compute-parity+fed-vat,-1235.1,-1061.5,-911.2,-1065.9,fed_vat_rate,-0.9883
brynjolfsson-augment~cw-robot-tax+swf+fed-vat,-1321.8,-1128.0,-945.7,-1120.3,fed_vat_rate,-0.9768
brynjolfsson-augment~grt-robot-tax+ubi+compute-parity,949.0,1200.4,1444.6,1203.2,ubi_annual,0.9057
brynjolfsson-augment~grt-robot-tax+ubi+swf,909.2,1151.4,1415.9,1148.7,ubi_annual,0.9027
brynjolfsson-augment~grt-robot-tax+ubi+fed-vat,-102.1,166.8,467.9,179.2,ubi_annual,0.6938
brynjolfsson-augment~grt-robot-tax+compute-parity+swf,-200.2,-156.2,-117.0,-159.6,adoption_end,-0.6399
brynjolfsson-augment~grt-robot-tax+compute-parity+fed-vat,-1237.2,-1063.2,-913.0,-1067.6,fed_vat_rate,-0.988
brynjolfsson-augment~grt-robot-tax+swf+fed-vat,-1323.5,-1129.9,-946.8,-1122.1,fed_vat_rate,-0.9767
brynjolfsson-augment~ubi+compute-parity+swf,914.5,1140.2,1362.9,1137.2,ubi_annual,0.9022
brynjolfsson-augment~ubi+compute-parity+fed-vat,-143.9,192.5,443.3,167.6,ubi_annual,0.6829
brynjolfsson-augment~ubi+swf+fed-vat,-136.5,70.8,400.8,113.3,ubi_annual,0.623
brynjolfsson-augment~compute-parity+swf+fed-vat,-1321.4,-1150.1,-949.6,-1133.6,fed_vat_rate,-0.9731
brynjolfsson-augment~cw-robot-tax+ubi+compute-parity+swf,894.6,1135.4,1404.1,1135.2,ubi_annual,0.9014
brynjolfsson-augment~cw-robot-tax+ubi+compute-parity+fed-vat,-115.9,153.4,451.9,165.7,ubi_annual,0.6918
brynjolfsson-augment~cw-robot-tax+ubi+swf+fed-vat,-150.6,83.8,392.5,111.3,ubi_annual,0.6626
brynjolfsson-augment~cw-robot-tax+compute-parity+swf+fed-vat,-1335.4,-1144.8,-959.8,-1135.6,fed_vat_rate,-0.9739
brynjolfsson-augment~grt-robot-tax+ubi+compute-parity+swf,893.0,1133.9,1402.3,1133.4,ubi_annual,0.9012
brynjolfsson-augment~grt-robot-tax+ubi+compute-parity+fed-vat,-118.1,151.7,450.0,164.0,ubi_annual,0.6917
brynjolfsson-augment~grt-robot-tax+ubi+swf+fed-vat,-152.7,81.7,390.7,109.5,ubi_annual,0.6619
brynjolfsson-augment~grt-robot-tax+compute-parity+swf+fed-vat,-1336.8,-1146.7,-960.9,-1137.4,fed_vat_rate,-0.9735
brynjolfsson-augment~ubi+compute-parity+swf+fed-vat,-148.2,53.8,388.1,98.0,ubi_annual,0.6207
brynjolfsson-augment~cw-robot-tax+ubi+compute-parity+swf+fed-vat,-165.7,65.5,381.4,96.0,ubi_annual,0.6624
brynjolfsson-augment~grt-robot-tax+ubi+compute-parity+swf+fed-vat,-168.2,64.0,379.8,94.2,ubi_annual,0.6627
windfall-medium,150.4,208.2,303.0,223.9,adoption_end,0.5443
windfall-medium~cw-robot-tax,139.3,203.4,291.6,218.2,reabsorption_rate,-0.4824
windfall-medium~grt-robot-tax,134.3,198.8,286.6,213.1,reabsorption_rate,-0.4879
windfall-medium~ubi,1195.1,1479.4,1754.1,1452.3,ubi_annual,0.9001
windfall-medium~compute-parity,150.4,208.2,303.0,223.9,adoption_end,0.5443
windfall-medium~swf,-51.3,31.5,115.0,32.4,retained_profit_share,-0.6303
windfall-medium~fed-vat,-911.7,-716.2,-541.6,-716.3,fed_vat_rate,-0.8912
windfall-medium~cw-robot-tax+ubi,1202.0,1445.1,1680.2,1446.5,ubi_annual,0.8641
windfall-medium~cw-robot-tax+compute-parity,139.3,203.4,291.6,218.2,reabsorption_rate,-0.4824
windfall-medium~cw-robot-tax+swf,-66.0,19.1,101.6,26.3,retained_profit_share,-0.7518
windfall-medium~cw-robot-tax+fed-vat,-929.6,-724.9,-572.6,-722.0,fed_vat_rate,-0.8806
windfall-medium~grt-robot-tax+ubi,1196.5,1439.6,1676.2,1441.4,ubi_annual,0.8651
windfall-medium~grt-robot-tax+compute-parity,134.3,198.8,286.6,213.1,reabsorption_rate,-0.4879
windfall-medium~grt-robot-tax+swf,-72.2,14.0,96.6,20.9,retained_profit_share,-0.7521
windfall-medium~grt-robot-tax+fed-vat,-933.3,-728.7,-577.7,-727.2,fed_vat_rate,-0.8827
windfall-medium~ubi+compute-parity,1195.1,1479.4,1754.1,1452.3,ubi_annual,0.9001
windfall-medium~ubi+swf,1048.5,1282.4,1506.1,1260.7,ubi_annual,0.8476
windfall-medium~ubi+fed-vat,223.8,471.4,723.4,446.3,ubi_annual,0.6638
windfall-medium~compute-parity+swf,-51.3,31.5,115.0,32.4,retained_profit_share,-0.6303
windfall-medium~compute-parity+fed-vat,-911.7,-716.2,-541.6,-716.3,fed_vat_rate,-0.8912
windfall-medium~swf+fed-vat,-1114.2,-911.9,-732.0,-907.8,fed_vat_rate,-0.8867
windfall-medium~cw-robot-tax+ubi+compute-parity,1202.0,1445.1,1680.2,1446.5,ubi_annual,0.8641
windfall-medium~cw-robot-tax+ubi+swf,1026.3,1253.1,1527.7,1254.6,ubi_annual,0.8833
windfall-medium~cw-robot-tax+ubi+fed-vat,167.2,436.5,743.0,440.5,ubi_annual,0.7262
windfall-medium~cw-robot-tax+compute-parity+swf,-66.0,19.1,101.6,26.3,retained_profit_share,-0.7518
windfall-medium~cw-robot-tax+compute-parity+fed-vat,-929.6,-724.9,-572.6,-722.0,fed_vat_rate,-0.8806
windfall-medium~cw-robot-tax+swf+fed-vat,-1106.9,-906.7,-736.2,-913.9,fed_vat_rate,-0.8436
windfall-medium~grt-robot-tax+ubi+compute-parity,1196.5,1439.6,1676.2,1441.4,ubi_annual,0.8651
windfall-medium~grt-robot-tax+ubi+swf,1021.1,1246.8,1521.7,1249.3,ubi_annual,0.8831
windfall-medium~grt-robot-tax+ubi+fed-vat,162.1,431.7,739.1,435.4,ubi_annual,0.7263
windfall-medium~grt-robot-tax+compute-parity+swf,-72.2,14.0,96.6,20.9,retained_profit_share,-0.7521
windfall-medium~grt-robot-tax+compute-parity+fed-vat,-933.3,-728.7,-577.7,-727.2,fed_vat_rate,-0.8827
windfall-medium~grt-robot-tax+swf+fed-vat,-1111.7,-912.3,-742.0,-919.3,fed_vat_rate,-0.8441
windfall-medium~ubi+compute-parity+swf,1048.5,1282.4,1506.1,1260.7,ubi_annual,0.8476
windfall-medium~ubi+compute-parity+fed-vat,223.8,471.4,723.4,446.3,ubi_annual,0.6638
windfall-medium~ubi+swf+fed-vat,-8.1,305.0,551.6,254.7,ubi_annual,0.7364
windfall-medium~compute-parity+swf+fed-vat,-1114.2,-911.9,-732.0,-907.8,fed_vat_rate,-0.8867
windfall-medium~cw-robot-tax+ubi+compute-parity+swf,1026.3,1253.1,1527.7,1254.6,ubi_annual,0.8833
windfall-medium~cw-robot-tax+ubi+compute-parity+fed-vat,167.2,436.5,743.0,440.5,ubi_annual,0.7262
windfall-medium~cw-robot-tax+ubi+swf+fed-vat,-10.8,233.7,529.4,248.7,ubi_annual,0.6751
windfall-medium~cw-robot-tax+compute-parity+swf+fed-vat,-1106.9,-906.7,-736.2,-913.9,fed_vat_rate,-0.8436
windfall-medium~grt-robot-tax+ubi+compute-parity+swf,1021.1,1246.8,1521.7,1249.3,ubi_annual,0.8831
windfall-medium~grt-robot-tax+ubi+compute-parity+fed-vat,162.1,431.7,739.1,435.4,ubi_annual,0.7263
windfall-medium~grt-robot-tax+ubi+swf+fed-vat,-16.7,228.2,522.5,243.3,ubi_annual,0.6747
windfall-medium~grt-robot-tax+compute-parity+swf+fed-vat,-1111.7,-912.3,-742.0,-919.3,fed_vat_rate,-0.8441
windfall-medium~ubi+compute-parity+swf+fed-vat,-8.1,305.0,551.6,254.7,ubi_annual,0.7364
windfall-medium~cw-robot-tax+ubi+compute-parity+swf+fed-vat,-10.8,233.7,529.4,248.7,ubi_annual,0.6751
windfall-medium~grt-robot-tax+ubi+compute-parity+swf+fed-vat,-16.7,228.2,522.5,243.3,ubi_annual,0.6747
china-shock,392.8,534.7,804.1,631.7,demand_multiplier,0.4587
china-shock~cw-robot-tax,372.6,531.6,799.5,628.8,demand_multiplier,0.5108
china-shock~grt-robot-tax,369.8,529.1,797.0,626.2,demand_multiplier,0.5118
china-shock~ubi,1285.3,1544.5,1814.4,1515.8,ubi_annual,0.8838
china-shock~compute-parity,373.3,509.8,784.8,608.3,demand_multiplier,0.4629
china-shock~swf,264.7,428.7,678.3,496.1,demand_multiplier,0.507
china-shock~fed-vat,-643.6,-355.0,-62.5,-300.6,fed_vat_rate,-0.6107
china-shock~cw-robot-tax+ubi,1251.0,1491.5,1753.0,1512.9,ubi_annual,0.8749
china-shock~cw-robot-tax+compute-parity,350.5,508.2,778.6,605.4,demand_multiplier,0.5221
china-shock~cw-robot-tax+swf,247.1,431.8,657.2,493.1,demand_multiplier,0.5281
china-shock~cw-robot-tax+fed-vat,-620.8,-364.9,-103.3,-303.5,fed_vat_rate,-0.53
china-shock~grt-robot-tax+ubi,1248.3,1489.1,1750.0,1510.3,ubi_annual,0.8752
china-shock~grt-robot-tax+compute-parity,348.5,505.7,774.9,602.9,demand_multiplier,0.5224
china-shock~grt-robot-tax+swf,245.4,429.5,654.2,490.4,demand_multiplier,0.5285
china-shock~grt-robot-tax+fed-vat,-624.4,-367.3,-105.8,-306.0,fed_vat_rate,-0.5309
china-shock~ubi+compute-parity,1256.6,1523.9,1788.5,1492.5,ubi_annual,0.8862
china-shock~ubi+swf,1146.4,1374.8,1615.8,1380.3,ubi_annual,0.8856
china-shock~ubi+fed-vat,222.5,521.0,766.7,498.9,ubi_annual,0.6782
china-shock~compute-parity+swf,244.2,407.9,655.8,472.8,demand_multiplier,0.5161
china-shock~compute-parity+fed-vat,-666.4,-372.0,-78.9,-323.9,fed_vat_rate,-0.6143
china-shock~swf+fed-vat,-762.6,-511.2,-216.7,-436.1,fed_vat_rate,-0.6309
china-shock~cw-robot-tax+ubi+compute-parity,1228.4,1466.8,1734.1,1489.6,ubi_annual,0.8787
china-shock~cw-robot-tax+ubi+swf,1144.7,1378.7,1652.2,1377.2,ubi_annual,0.8964
china-shock~cw-robot-tax+ubi+fed-vat,204.3,487.3,798.3,496.0,ubi_annual,0.6971
china-shock~cw-robot-tax+compute-parity+swf,230.0,410.1,631.5,469.7,demand_multiplier,0.5344
china-shock~cw-robot-tax+compute-parity+fed-vat,-644.6,-386.2,-124.3,-326.8,fed_vat_rate,-0.535
china-shock~cw-robot-tax+swf+fed-vat,-755.1,-517.8,-237.0,-439.2,fed_vat_rate,-0.5652
china-shock~grt-robot-tax+ubi+compute-parity,1226.5,1464.1,1731.1,1487.0,ubi_annual,0.8791
china-shock~grt-robot-tax+ubi+swf,1141.7,1376.0,1649.0,1374.5,ubi_annual,0.8968
china-shock~grt-robot-tax+ubi+fed-vat,201.3,484.6,795.1,493.4,ubi_annual,0.697
china-shock~grt-robot-tax+compute-parity+swf,228.3,407.2,628.5,467.0,demand_multiplier,0.5345
china-shock~grt-robot-tax+compute-parity+fed-vat,-648.2,-388.3,-126.8,-329.4,fed_vat_rate,-0.5359
china-shock~grt-robot-tax+swf+fed-vat,-758.5,-520.9,-241.3,-441.9,fed_vat_rate,-0.5656
china-shock~ubi+compute-parity+swf,1125.4,1349.9,1585.9,1356.9,ubi_annual,0.8867
china-shock~ubi+compute-parity+fed-vat,192.9,496.9,746.3,475.6,ubi_annual,0.6797
china-shock~ubi+swf+fed-vat,93.4,314.1,634.3,363.4,ubi_annual,0.6275
china-shock~compute-parity+swf+fed-vat,-783.7,-538.9,-240.1,-459.5,fed_vat_rate,-0.6326
china-shock~cw-robot-tax+ubi+compute-parity+swf,1124.0,1359.9,1623.4,1353.9,ubi_annual,0.8975
china-shock~cw-robot-tax+ubi+compute-parity+fed-vat,180.8,463.5,765.9,472.7,ubi_annual,0.6975
china-shock~cw-robot-tax+ubi+swf+fed-vat,97.8,328.7,642.1,360.3,ubi_annual,0.6559
china-shock~cw-robot-tax+compute-parity+swf+fed-vat,-777.7,-547.5,-269.0,-462.5,fed_vat_rate,-0.5718
china-shock~grt-robot-tax+ubi+compute-parity+swf,1120.8,1356.9,1620.5,1351.1,ubi_annual,0.8976
china-shock~grt-robot-tax+ubi+compute-parity+fed-vat,178.3,460.7,763.5,470.1,ubi_annual,0.697
china-shock~grt-robot-tax+ubi+swf+fed-vat,95.0,326.3,639.4,357.6,ubi_annual,0.6561
china-shock~grt-robot-tax+compute-parity+swf+fed-vat,-780.9,-550.6,-271.4,-465.3,fed_vat_rate,-0.5722
china-shock~ubi+compute-parity+swf+fed-vat,79.7,292.9,608.9,340.0,ubi_annual,0.6274
china-shock~cw-robot-tax+ubi+compute-parity+swf+fed-vat,76.5,307.1,620.2,337.0,ubi_annual,0.6586
china-shock~grt-robot-tax+ubi+compute-parity+swf+fed-vat,73.2,304.7,617.4,334.2,ubi_annual,0.6596
agi-20y,1901.6,2250.2,2574.3,2311.2,ssdi_annual,0.4244
agi-20y~cw-robot-tax,1875.7,2193.2,2478.2,2279.6,lfp_exit_rate,0.5547
agi-20y~grt-robot-tax,1846.4,2163.6,2454.0,2251.5,lfp_exit_rate,0.5557
agi-20y~ubi,2878.0,3216.3,3557.4,3417.5,ubi_annual,0.4623
agi-20y~compute-parity,1585.0,1904.0,2257.2,1982.0,demand_multiplier,0.4461
agi-20y~swf,812.6,1190.9,1541.8,1216.4,lfp_exit_rate,0.4599
agi-20y~fed-vat,1074.6,1467.3,1742.8,1542.3,lfp_exit_rate,0.4798
agi-20y~cw-robot-tax+ubi,2881.8,3258.5,3566.5,3382.6,ubi_annual,0.4841
agi-20y~cw-robot-tax+compute-parity,1552.4,1852.3,2166.2,1950.4,lfp_exit_rate,0.527
agi-20y~cw-robot-tax+swf,780.5,1167.4,1532.7,1183.1,swf_profit_share,-0.4835
agi-20y~cw-robot-tax+fed-vat,1056.2,1435.3,1764.2,1510.7,lfp_exit_rate,0.4823
agi-20y~grt-robot-tax+ubi,2856.8,3226.4,3539.2,3351.6,ubi_annual,0.4845
agi-20y~grt-robot-tax+compute-parity,1524.9,1827.3,2138.2,1922.3,lfp_exit_rate,0.5277
agi-20y~grt-robot-tax+swf,753.9,1134.6,1504.7,1153.4,swf_profit_share,-0.4848
agi-20y~grt-robot-tax+fed-vat,1030.4,1410.6,1735.9,1482.6,lfp_exit_rate,0.4827
agi-20y~ubi+compute-parity,2554.0,2909.1,3220.5,3054.2,ubi_annual,0.4905
agi-20y~ubi+swf,1737.7,2166.6,2537.1,2221.7,swf_profit_share,-0.4862
agi-20y~ubi+fed-vat,2039.3,2421.5,2783.0,2577.6,ubi_annual,0.3942
agi-20y~compute-parity+swf,466.8,880.8,1251.4,887.3,lfp_exit_rate,0.4313
agi-20y~compute-parity+fed-vat,749.6,1147.4,1459.9,1213.2,lfp_exit_rate,0.4572
agi-20y~swf+fed-vat,-69.6,343.7,764.2,447.6,swf_profit_share,-0.4273
agi-20y~cw-robot-tax+ubi+compute-parity,2551.1,2909.8,3243.6,3019.3,ubi_annual,0.4868
agi-20y~cw-robot-tax+ubi+swf,1749.8,2091.8,2475.5,2184.9,swf_profit_share,-0.4448
agi-20y~cw-robot-tax+ubi+fed-vat,1962.6,2310.6,2655.0,2542.7,ubi_annual,0.3869
agi-20y~cw-robot-tax+compute-parity+swf,453.2,819.6,1263.7,853.9,swf_profit_share,-0.4707
agi-20y~cw-robot-tax+compute-parity+fed-vat,725.4,1095.4,1464.7,1181.6,lfp_exit_rate,0.4813
agi-20y~cw-robot-tax+swf+fed-vat,-37.4,320.4,717.6,414.2,swf_profit_share,-0.3729
agi-20y~grt-robot-tax+ubi+compute-parity,2517.6,2880.0,3214.6,2988.3,ubi_annual,0.4886
agi-20y~grt-robot-tax+ubi+swf,1720.6,2063.1,2439.0,2152.2,swf_profit_share,-0.4459
agi-20y~grt-robot-tax+ubi+fed-vat,1937.1,2286.3,2628.9,2511.7,ubi_annual,0.388
agi-20y~grt-robot-tax+compute-parity+swf,424.2,790.1,1231.2,824.2,swf_profit_share,-0.4709
agi-20y~grt-robot-tax+compute-parity+fed-vat,695.8,1063.8,1439.6,1153.5,lfp_exit_rate,0.4821
agi-20y~grt-robot-tax+swf+fed-vat,-65.2,293.0,684.3,384.6,swf_profit_share,-0.3734
agi-20y~ubi+compute-parity+swf,1425.4,1832.4,2238.5,1858.4,swf_profit_share,-0.4912
agi-20y~ubi+compute-parity+fed-vat,1661.0,2082.3,2452.1,2214.3,fed_vat_rate,-0.3984
agi-20y~ubi+swf+fed-vat,875.3,1265.8,1713.7,1381.9,fed_vat_rate,-0.3915
agi-20y~compute-parity+swf+fed-vat,-401.4,17.8,418.8,118.4,swf_profit_share,-0.4278
agi-20y~cw-robot-tax+ubi+compute-parity+swf,1393.4,1750.4,2150.3,1821.6,swf_profit_share,-0.4596
agi-20y~cw-robot-tax+ubi+compute-parity+fed-vat,1616.3,1969.8,2345.3,2179.4,fed_vat_rate,-0.393
agi-20y~cw-robot-tax+ubi+swf+fed-vat,801.4,1213.8,1662.6,1345.0,swf_profit_share,-0.4299
agi-20y~cw-robot-tax+compute-parity+swf+fed-vat,-387.3,-5.2,394.9,85.1,swf_profit_share,-0.3864
agi-20y~grt-robot-tax+ubi+compute-parity+swf,1360.4,1722.1,2116.8,1788.8,swf_profit_share,-0.4597
agi-20y~grt-robot-tax+ubi+compute-parity+fed-vat,1587.8,1943.0,2315.5,2148.4,fed_vat_rate,-0.3943
agi-20y~grt-robot-tax+ubi+swf+fed-vat,769.4,1183.6,1625.4,1312.3,swf_profit_share,-0.431
agi-20y~grt-robot-tax+compute-parity+swf+fed-vat,-420.7,-35.6,369.5,55.4,swf_profit_share,-0.3869
agi-20y~ubi+compute-parity+swf+fed-vat,537.2,933.7,1395.9,1018.6,swf_profit_share,-0.4062
agi-20y~cw-robot-tax+ubi+compute-parity+swf+fed-vat,476.6,877.6,1352.9,981.7,swf_profit_share,-0.4374
agi-20y~grt-robot-tax+ubi+compute-parity+swf+fed-vat,449.7,847.9,1321.2,949.0,swf_profit_share,-0.4392
agi-5y,2801.3,3103.0,3433.6,3119.8,ssdi_annual,0.643
agi-5y~cw-robot-tax,2710.7,3032.4,3345.9,3077.0,lfp_exit_rate,0.6365
agi-5y~grt-robot-tax,2673.6,3000.4,3312.9,3039.0,lfp_exit_rate,0.6359
agi-5y~ubi,3819.7,4211.2,4619.6,4295.3,ssdi_annual,0.4881
agi-5y~compute-parity,2354.9,2683.6,3016.0,2674.8,ssdi_annual,0.5907
agi-5y~swf,1690.5,2103.1,2445.0,2074.3,lfp_exit_rate,0.4794
agi-5y~fed-vat,2007.2,2338.5,2681.0,2364.8,lfp_exit_rate,0.5285
agi-5y~cw-robot-tax+ubi,3800.1,4218.6,4569.3,4249.4,ubi_annual,0.4575
agi-5y~cw-robot-tax+compute-parity,2276.5,2586.8,2955.2,2632.1,ssdi_annual,0.6196
agi-5y~cw-robot-tax+swf,1647.6,2061.9,2455.0,2029.1,lfp_exit_rate,0.4857
agi-5y~cw-robot-tax+fed-vat,1934.2,2302.8,2629.4,2322.0,lfp_exit_rate,0.5269
agi-5y~grt-robot-tax+ubi,3777.7,4173.1,4530.2,4208.5,ubi_annual,0.4592
agi-5y~grt-robot-tax+compute-parity,2239.6,2549.4,2918.1,2594.0,ssdi_annual,0.6172
agi-5y~grt-robot-tax+swf,1601.3,2020.3,2422.4,1989.0,lfp_exit_rate,0.4837
agi-5y~grt-robot-tax+fed-vat,1895.3,2268.5,2591.7,2284.0,lfp_exit_rate,0.5263
agi-5y~ubi+compute-parity,3358.6,3776.2,4182.3,3817.0,ssdi_annual,0.5035
agi-5y~ubi+swf,2727.7,3202.9,3640.7,3172.5,lfp_exit_rate,0.4747
agi-5y~ubi+fed-vat,2956.4,3427.9,3807.2,3483.9,lfp_exit_rate,0.4685
agi-5y~compute-parity+swf,1301.7,1701.7,2069.3,1629.3,lfp_exit_rate,0.4345
agi-5y~compute-parity+fed-vat,1586.7,1918.2,2279.6,1919.8,lfp_exit_rate,0.4812
agi-5y~swf+fed-vat,857.8,1288.7,1711.6,1319.2,lfp_exit_rate,0.4645
agi-5y~cw-robot-tax+ubi+compute-parity,3373.8,3764.9,4152.4,3771.1,ubi_annual,0.4331
agi-5y~cw-robot-tax+ubi+swf,2721.6,3111.3,3538.7,3124.0,swf_profit_share,-0.3813
agi-5y~cw-robot-tax+ubi+fed-vat,2902.0,3320.9,3705.5,3438.0,ssdi_annual,0.378
agi-5y~cw-robot-tax+compute-parity+swf,1192.5,1623.3,2061.3,1584.2,lfp_exit_rate,0.4657
agi-5y~cw-robot-tax+compute-parity+fed-vat,1494.9,1877.5,2241.7,1877.0,lfp_exit_rate,0.5061
agi-5y~cw-robot-tax+swf+fed-vat,859.4,1250.6,1691.0,1274.1,ssdi_annual,0.4059
agi-5y~grt-robot-tax+ubi+compute-parity,3336.5,3723.7,4112.6,3730.2,ubi_annual,0.4345
agi-5y~grt-robot-tax+ubi+swf,2680.9,3073.3,3491.6,3080.9,swf_profit_share,-0.3821
agi-5y~grt-robot-tax+ubi+fed-vat,2875.4,3282.3,3667.7,3397.2,ubi_annual,0.3785
agi-5y~grt-robot-tax+compute-parity+swf,1151.9,1583.4,2029.1,1544.1,lfp_exit_rate,0.462
agi-5y~grt-robot-tax+compute-parity+fed-vat,1449.8,1836.4,2208.8,1839.0,lfp_exit_rate,0.5049
agi-5y~grt-robot-tax+swf+fed-vat,813.7,1213.6,1650.1,1234.0,ssdi_annual,0.4076
agi-5y~ubi+compute-parity+swf,2288.0,2757.1,3196.5,2694.2,lfp_exit_rate,0.4732
agi-5y~ubi+compute-parity+fed-vat,2515.0,2955.6,3398.4,3005.6,lfp_exit_rate,0.476
agi-5y~ubi+swf+fed-vat,1892.3,2309.9,2855.2,2361.1,ssdi_annual,0.436
agi-5y~compute-parity+swf+fed-vat,417.6,864.1,1281.2,874.3,lfp_exit_rate,0.4492
agi-5y~cw-robot-tax+ubi+compute-parity+swf,2265.7,2649.7,3121.2,2645.7,swf_profit_share,-0.404
agi-5y~cw-robot-tax+ubi+compute-parity+fed-vat,2476.3,2874.7,3307.1,2959.7,ssdi_annual,0.3957
agi-5y~cw-robot-tax+ubi+swf+fed-vat,1842.5,2266.0,2736.3,2312.6,swf_profit_share,-0.3745
agi-5y~cw-robot-tax+compute-parity+swf+fed-vat,420.3,817.4,1289.8,829.1,ssdi_annual,0.4217
agi-5y~grt-robot-tax+ubi+compute-parity+swf,2225.5,2608.5,3082.3,2602.6,swf_profit_share,-0.4019
agi-5y~grt-robot-tax+ubi+compute-parity+fed-vat,2444.3,2835.5,3269.8,2918.9,ssdi_annual,0.3975
agi-5y~grt-robot-tax+ubi+swf+fed-vat,1804.6,2226.2,2703.8,2269.5,swf_profit_share,-0.3756
agi-5y~grt-robot-tax+compute-parity+swf+fed-vat,369.5,780.5,1253.8,789.0,ssdi_annual,0.4207
agi-5y~ubi+compute-parity+swf+fed-vat,1422.0,1874.1,2396.2,1882.8,ssdi_annual,0.4207
agi-5y~cw-robot-tax+ubi+compute-parity+swf+fed-vat,1391.6,1784.1,2312.4,1834.3,swf_profit_share,-0.3762
agi-5y~grt-robot-tax+ubi+compute-parity+swf+fed-vat,1346.8,1745.0,2266.3,1791.2,swf_profit_share,-0.3772
ai-2027,2083.3,2343.2,2562.0,2502.2,adoption_end,0.4524
ai-2027~cw-robot-tax,1955.1,2291.0,2574.0,2435.8,demand_multiplier,0.4616
ai-2027~grt-robot-tax,1906.0,2228.9,2513.3,2376.7,demand_multiplier,0.4677
ai-2027~ubi,3037.9,3408.1,3769.7,3578.9,ubi_annual,0.5347
ai-2027~compute-parity,1441.1,1686.3,1914.6,1810.3,compute_effective_rate,-0.3756
ai-2027~swf,1301.1,1584.9,1861.9,1645.3,swf_profit_share,-0.4741
ai-2027~fed-vat,1214.2,1586.6,1894.7,1747.6,adoption_end,0.4602
ai-2027~cw-robot-tax+ubi,2975.1,3318.9,3630.4,3510.2,ubi_annual,0.4731
ai-2027~cw-robot-tax+compute-parity,1343.9,1643.9,1926.4,1743.9,demand_multiplier,0.4839
ai-2027~cw-robot-tax+swf,1192.2,1497.8,1773.5,1575.1,price_reduction_share,0.3788
ai-2027~cw-robot-tax+fed-vat,1149.2,1501.1,1791.7,1681.2,mpc,0.4092
ai-2027~grt-robot-tax+ubi,2936.6,3259.5,3566.0,3449.1,ubi_annual,0.4843
ai-2027~grt-robot-tax+compute-parity,1289.5,1584.6,1870.7,1684.8,demand_multiplier,0.4909
ai-2027~grt-robot-tax+swf,1128.6,1440.2,1717.3,1512.7,price_reduction_share,0.3733
ai-2027~grt-robot-tax+fed-vat,1089.2,1449.3,1734.0,1622.1,mpc,0.4122
ai-2027~ubi+compute-parity,2384.5,2769.7,3080.6,2863.4,ubi_annual,0.5077
ai-2027~ubi+swf,2239.0,2651.6,2974.5,2723.2,ubi_annual,0.4793
ai-2027~ubi+fed-vat,2208.4,2567.5,2898.1,2751.8,adoption_end,0.4248
ai-2027~compute-parity+swf,639.2,953.5,1243.7,953.4,swf_profit_share,-0.4786
ai-2027~compute-parity+fed-vat,594.9,946.5,1273.5,1055.7,fed_vat_rate,-0.4375
ai-2027~swf+fed-vat,396.1,767.9,1119.8,890.6,fed_vat_rate,-0.4883
ai-2027~cw-robot-tax+ubi+compute-parity,2335.5,2679.6,2994.7,2794.7,ubi_annual,0.5371
ai-2027~cw-robot-tax+ubi+swf,2221.9,2557.4,2895.0,2650.7,ubi_annual,0.486
ai-2027~cw-robot-tax+ubi+fed-vat,2155.4,2487.5,2866.5,2683.1,ubi_annual,0.4342
ai-2027~cw-robot-tax+compute-parity+swf,528.7,871.8,1159.5,883.2,compute_effective_rate,-0.4209
ai-2027~cw-robot-tax+compute-parity+fed-vat,520.8,873.9,1159.1,989.3,mpc,0.4207
ai-2027~cw-robot-tax+swf+fed-vat,341.2,676.1,1005.2,820.5,mpc,0.4101
ai-2027~grt-robot-tax+ubi+compute-parity,2279.4,2625.8,2928.3,2733.6,ubi_annual,0.5406
ai-2027~grt-robot-tax+ubi+swf,2154.6,2502.8,2836.3,2586.2,ubi_annual,0.4849
ai-2027~grt-robot-tax+ubi+fed-vat,2104.7,2433.9,2806.5,2622.0,ubi_annual,0.4379
ai-2027~grt-robot-tax+compute-parity+swf,470.2,809.6,1099.8,820.8,compute_effective_rate,-0.4194
ai-2027~grt-robot-tax+compute-parity+fed-vat,462.5,828.3,1108.1,930.2,mpc,0.421
ai-2027~grt-robot-tax+swf+fed-vat,282.0,632.1,956.9,758.1,mpc,0.4091
ai-2027~ubi+compute-parity+swf,1613.7,2027.9,2276.4,2007.8,ubi_annual,0.5056
ai-2027~ubi+compute-parity+fed-vat,1503.9,1938.8,2214.1,2036.3,compute_effective_rate,-0.4116
ai-2027~ubi+swf+fed-vat,1369.1,1761.4,2133.6,1896.1,ubi_annual,0.3729
ai-2027~compute-parity+swf+fed-vat,-239.9,138.9,482.3,198.8,fed_vat_rate,-0.4538
ai-2027~cw-robot-tax+ubi+compute-parity+swf,1561.6,1906.4,2245.9,1935.2,ubi_annual,0.481
ai-2027~cw-robot-tax+ubi+compute-parity+fed-vat,1487.0,1827.4,2207.7,1967.6,ubi_annual,0.4372
ai-2027~cw-robot-tax+ubi+swf+fed-vat,1319.2,1673.1,2041.7,1823.6,ubi_annual,0.4124
ai-2027~cw-robot-tax+compute-parity+swf+fed-vat,-297.8,29.3,401.0,128.6,mpc,0.4045
ai-2027~grt-robot-tax+ubi+compute-parity+swf,1504.0,1841.2,2192.6,1870.8,ubi_annual,0.4809
ai-2027~grt-robot-tax+ubi+compute-parity+fed-vat,1431.6,1765.0,2160.3,1906.5,ubi_annual,0.4384
ai-2027~grt-robot-tax+ubi+swf+fed-vat,1259.5,1609.9,1970.5,1759.1,ubi_annual,0.4145
ai-2027~grt-robot-tax+compute-parity+swf+fed-vat,-355.5,-33.5,337.4,66.2,mpc,0.4032
ai-2027~ubi+compute-parity+swf+fed-vat,750.8,1109.1,1454.2,1180.6,ubi_annual,0.389
ai-2027~cw-robot-tax+ubi+compute-parity+swf+fed-vat,645.3,1013.0,1441.9,1108.1,ubi_annual,0.4498
ai-2027~grt-robot-tax+ubi+compute-parity+swf+fed-vat,587.0,953.0,1392.5,1043.6,ubi_annual,0.4502
ai2040-plan-a,1089.1,1661.8,2277.4,2196.6,adoption_end,0.596
ai2040-plan-a~cw-robot-tax,1063.1,1681.3,2191.6,2128.3,adoption_end,0.6102
ai2040-plan-a~grt-robot-tax,1019.9,1619.0,2126.1,2067.5,adoption_end,0.608
ai2040-plan-a~ubi,2069.7,2529.9,3048.3,2839.6,adoption_end,0.5786
ai2040-plan-a~compute-parity,519.9,1008.6,1564.0,1484.7,adoption_end,0.5281
ai2040-plan-a~swf,598.0,1105.7,1531.1,1458.8,adoption_end,0.4884
ai2040-plan-a~fed-vat,278.8,935.8,1429.5,1417.8,adoption_end,0.5749
ai2040-plan-a~cw-robot-tax+ubi,1999.7,2539.0,3053.9,2771.2,adoption_end,0.5739
ai2040-plan-a~cw-robot-tax+compute-parity,470.6,1048.4,1500.3,1416.4,adoption_end,0.5617
ai2040-plan-a~cw-robot-tax+swf,530.7,1042.6,1512.2,1386.7,adoption_end,0.4774
ai2040-plan-a~cw-robot-tax+fed-vat,230.1,886.2,1429.3,1349.5,adoption_end,0.5676
ai2040-plan-a~grt-robot-tax+ubi,1951.5,2476.7,2989.1,2710.3,adoption_end,0.5666
ai2040-plan-a~grt-robot-tax+compute-parity,425.4,981.4,1449.8,1355.6,adoption_end,0.5577
ai2040-plan-a~grt-robot-tax+swf,485.5,974.5,1447.4,1322.5,adoption_end,0.4634
ai2040-plan-a~grt-robot-tax+fed-vat,187.6,829.5,1362.4,1288.8,adoption_end,0.5651
ai2040-plan-a~ubi+compute-parity,1496.7,1895.1,2349.3,2126.4,adoption_end,0.4891
ai2040-plan-a~ubi+swf,1513.8,1963.1,2415.4,2175.6,adoption_end,0.464
ai2040-plan-a~ubi+fed-vat,1133.0,1668.8,2250.4,1934.5,adoption_end,0.5668
ai2040-plan-a~compute-parity+swf,-10.0,465.1,843.6,746.9,adoption_end,0.3902
ai2040-plan-a~compute-parity+fed-vat,-320.9,276.8,776.0,705.9,adoption_end,0.5134
ai2040-plan-a~swf+fed-vat,-363.7,249.0,731.9,680.0,adoption_end,0.5118
ai2040-plan-a~cw-robot-tax+ubi+compute-parity,1417.8,1866.8,2309.2,2058.0,adoption_end,0.4761
ai2040-plan-a~cw-robot-tax+ubi+swf,1434.7,1847.5,2260.9,2103.3,adoption_end,0.495
ai2040-plan-a~cw-robot-tax+ubi+fed-vat,1012.5,1508.1,2031.0,1866.1,adoption_end,0.6
ai2040-plan-a~cw-robot-tax+compute-parity+swf,-98.3,373.1,826.1,674.8,demand_multiplier,0.386
ai2040-plan-a~cw-robot-tax+compute-parity+fed-vat,-370.2,212.6,749.6,637.6,adoption_end,0.4801
ai2040-plan-a~cw-robot-tax+swf+fed-vat,-359.7,162.9,639.0,607.9,adoption_end,0.5394
ai2040-plan-a~grt-robot-tax+ubi+compute-parity,1362.5,1808.9,2247.9,1997.1,adoption_end,0.4663
ai2040-plan-a~grt-robot-tax+ubi+swf,1377.5,1791.7,2199.6,2039.0,adoption_end,0.4844
ai2040-plan-a~grt-robot-tax+ubi+fed-vat,963.3,1456.8,1972.2,1805.2,adoption_end,0.5936
ai2040-plan-a~grt-robot-tax+compute-parity+swf,-155.0,307.5,761.0,610.6,demand_multiplier,0.3892
ai2040-plan-a~grt-robot-tax+compute-parity+fed-vat,-422.5,150.0,679.5,576.9,adoption_end,0.4745
ai2040-plan-a~grt-robot-tax+swf+fed-vat,-405.7,97.5,574.4,543.8,adoption_end,0.5321
ai2040-plan-a~ubi+compute-parity+swf,898.5,1302.3,1725.9,1462.4,reabsorption_rate,-0.3914
ai2040-plan-a~ubi+compute-parity+fed-vat,484.8,982.7,1489.5,1221.3,adoption_end,0.4624
ai2040-plan-a~ubi+swf+fed-vat,478.0,981.0,1492.8,1270.5,adoption_end,0.4833
ai2040-plan-a~compute-parity+swf+fed-vat,-875.2,-413.9,6.0,-31.9,adoption_end,0.4167
ai2040-plan-a~cw-robot-tax+ubi+compute-parity+swf,766.3,1195.6,1562.2,1390.1,compute_effective_rate,-0.4417
ai2040-plan-a~cw-robot-tax+ubi+compute-parity+fed-vat,396.7,871.3,1299.0,1152.9,adoption_end,0.4877
ai2040-plan-a~cw-robot-tax+ubi+swf+fed-vat,400.3,908.3,1413.6,1198.2,adoption_end,0.4654
ai2040-plan-a~cw-robot-tax+compute-parity+swf+fed-vat,-1040.9,-483.2,8.3,-104.0,adoption_end,0.4282
ai2040-plan-a~grt-robot-tax+ubi+compute-parity+swf,714.3,1134.5,1496.3,1325.9,compute_effective_rate,-0.445
ai2040-plan-a~grt-robot-tax+ubi+compute-parity+fed-vat,342.7,824.4,1241.0,1092.0,adoption_end,0.4785
ai2040-plan-a~grt-robot-tax+ubi+swf+fed-vat,340.1,851.8,1352.1,1134.0,adoption_end,0.4557
ai2040-plan-a~grt-robot-tax+compute-parity+swf+fed-vat,-1087.7,-542.1,-47.9,-168.1,adoption_end,0.4189
ai2040-plan-a~ubi+compute-parity+swf+fed-vat,-130.8,342.0,792.5,557.3,adoption_end,0.3461
ai2040-plan-a~cw-robot-tax+ubi+compute-parity+swf+fed-vat,-193.9,218.8,650.8,485.0,ubi_annual,0.4238
ai2040-plan-a~grt-robot-tax+ubi+compute-parity+swf+fed-vat,-248.8,165.1,583.7,420.8,fed_vat_rate,-0.4252
ai2040-plan-d,2782.1,3092.3,3404.0,3124.8,ssdi_annual,0.5637
ai2040-plan-d~cw-robot-tax,2693.7,2980.5,3285.4,3062.0,lfp_exit_rate,0.5924
ai2040-plan-d~grt-robot-tax,2642.3,2931.7,3232.7,3006.2,lfp_exit_rate,0.5901
ai2040-plan-d~ubi,3795.1,4168.9,4548.6,4282.8,ubi_annual,0.4486
ai2040-plan-d~compute-parity,2173.7,2476.9,2787.6,2471.4,ssdi_annual,0.4573
ai2040-plan-d~swf,1864.8,2220.6,2555.0,2229.1,lfp_exit_rate,0.4627
ai2040-plan-d~fed-vat,1987.4,2353.2,2638.2,2386.2,lfp_exit_rate,0.4889
ai2040-plan-d~cw-robot-tax+ubi,3728.9,4159.6,4479.2,4214.5,ubi_annual,0.473
ai2040-plan-d~cw-robot-tax+compute-parity,2036.1,2375.5,2706.8,2408.5,ssdi_annual,0.5225
ai2040-plan-d~cw-robot-tax+swf,1788.5,2179.0,2553.1,2162.9,lfp_exit_rate,0.4756
ai2040-plan-d~cw-robot-tax+fed-vat,1929.5,2303.5,2597.3,2323.4,lfp_exit_rate,0.4975
ai2040-plan-d~grt-robot-tax+ubi,3670.0,4100.8,4421.4,4153.8,ubi_annual,0.474
ai2040-plan-d~grt-robot-tax+compute-parity,1986.9,2315.2,2646.3,2352.7,ssdi_annual,0.5205
ai2040-plan-d~grt-robot-tax+swf,1723.0,2115.8,2491.9,2103.9,lfp_exit_rate,0.4703
ai2040-plan-d~grt-robot-tax+fed-vat,1884.6,2249.5,2548.7,2267.6,lfp_exit_rate,0.4935
ai2040-plan-d~ubi+compute-parity,3123.2,3508.2,3890.0,3571.8,ubi_annual,0.4894
ai2040-plan-d~ubi+swf,2861.2,3309.1,3671.9,3309.0,lfp_exit_rate,0.4277
ai2040-plan-d~ubi+fed-vat,2959.7,3383.8,3769.1,3491.3,lfp_exit_rate,0.4002
ai2040-plan-d~compute-parity+swf,1271.8,1590.5,1952.6,1575.7,lfp_exit_rate,0.4047
ai2040-plan-d~compute-parity+fed-vat,1394.3,1713.9,2061.3,1732.7,lfp_exit_rate,0.4094
ai2040-plan-d~swf+fed-vat,1016.3,1429.9,1837.7,1490.5,lfp_exit_rate,0.4291
ai2040-plan-d~cw-robot-tax+ubi+compute-parity,3098.1,3458.6,3829.6,3503.5,ubi_annual,0.4365
ai2040-plan-d~cw-robot-tax+ubi+swf,2806.2,3192.1,3562.9,3237.0,ubi_annual,0.3945
ai2040-plan-d~cw-robot-tax+ubi+fed-vat,2885.8,3263.7,3639.3,3423.0,ubi_annual,0.3801
ai2040-plan-d~cw-robot-tax+compute-parity+swf,1122.7,1527.7,1968.0,1509.4,lfp_exit_rate,0.4501
ai2040-plan-d~cw-robot-tax+compute-parity+fed-vat,1260.4,1657.0,2047.7,1669.9,lfp_exit_rate,0.462
ai2040-plan-d~cw-robot-tax+swf+fed-vat,998.9,1383.4,1781.9,1424.2,lfp_exit_rate,0.3802
ai2040-plan-d~grt-robot-tax+ubi+compute-parity,3033.8,3396.7,3771.5,3442.8,ubi_annual,0.4386
ai2040-plan-d~grt-robot-tax+ubi+swf,2759.0,3134.4,3498.9,3172.9,ubi_annual,0.3931
ai2040-plan-d~grt-robot-tax+ubi+fed-vat,2832.9,3206.5,3583.4,3362.3,ubi_annual,0.3796
ai2040-plan-d~grt-robot-tax+compute-parity+swf,1059.0,1472.0,1917.2,1450.4,lfp_exit_rate,0.4461
ai2040-plan-d~grt-robot-tax+compute-parity+fed-vat,1204.0,1597.8,2005.7,1614.1,lfp_exit_rate,0.4595
ai2040-plan-d~grt-robot-tax+swf+fed-vat,933.8,1330.9,1721.1,1365.3,lfp_exit_rate,0.373
ai2040-plan-d~ubi+compute-parity+swf,2205.2,2624.4,3049.6,2598.0,lfp_exit_rate,0.4382
ai2040-plan-d~ubi+compute-parity+fed-vat,2255.7,2720.5,3147.2,2780.3,lfp_exit_rate,0.4135
ai2040-plan-d~ubi+swf+fed-vat,2025.1,2414.7,2918.8,2517.5,fed_vat_rate,-0.3855
ai2040-plan-d~compute-parity+swf+fed-vat,387.4,814.0,1205.6,837.0,lfp_exit_rate,0.413
ai2040-plan-d~cw-robot-tax+ubi+compute-parity+swf,2108.2,2516.3,2957.2,2525.9,compute_effective_rate,-0.4739
ai2040-plan-d~cw-robot-tax+ubi+compute-parity+fed-vat,2195.5,2630.1,3014.5,2712.0,compute_effective_rate,-0.4599
ai2040-plan-d~cw-robot-tax+ubi+swf+fed-vat,1943.2,2353.2,2788.2,2445.4,ubi_annual,0.3725
ai2040-plan-d~cw-robot-tax+compute-parity+swf+fed-vat,335.8,742.6,1194.3,770.7,compute_effective_rate,-0.3928
ai2040-plan-d~grt-robot-tax+ubi+compute-parity+swf,2046.2,2463.7,2898.0,2461.8,compute_effective_rate,-0.4713
ai2040-plan-d~grt-robot-tax+ubi+compute-parity+fed-vat,2150.1,2576.0,2960.7,2651.3,compute_effective_rate,-0.4595
ai2040-plan-d~grt-robot-tax+ubi+swf+fed-vat,1874.8,2294.7,2726.1,2381.4,ubi_annual,0.367
ai2040-plan-d~grt-robot-tax+compute-parity+swf+fed-vat,284.0,687.0,1149.9,711.8,compute_effective_rate,-0.3879
ai2040-plan-d~ubi+compute-parity+swf+fed-vat,1342.8,1752.9,2279.4,1806.5,compute_effective_rate,-0.3999
ai2040-plan-d~cw-robot-tax+ubi+compute-parity+swf+fed-vat,1284.6,1679.1,2114.0,1734.4,ubi_annual,0.3839
ai2040-plan-d~grt-robot-tax+ubi+compute-parity+swf+fed-vat,1224.9,1627.5,2069.6,1670.3,ubi_annual,0.3799
karger-rapid,-28.4,-11.4,3.0,-13.7,reabsorption_rate,-0.6967
karger-rapid~cw-robot-tax,-30.2,-13.3,2.0,-16.5,reabsorption_rate,-0.709
karger-rapid~grt-robot-tax,-32.9,-16.1,-1.0,-19.1,reabsorption_rate,-0.7005
karger-rapid~ubi,1077.5,1303.9,1507.2,1276.9,ubi_annual,0.9075
karger-rapid~compute-parity,-53.5,-34.7,-17.9,-36.7,reabsorption_rate,-0.5598
karger-rapid~swf,-102.6,-75.0,-49.9,-79.9,adoption_end,-0.4782
karger-rapid~fed-vat,-1178.6,-967.2,-811.3,-988.4,fed_vat_rate,-0.9943
karger-rapid~cw-robot-tax+ubi,1035.4,1276.0,1522.9,1274.1,ubi_annual,0.9198
karger-rapid~cw-robot-tax+compute-parity,-55.6,-35.9,-19.0,-39.6,reabsorption_rate,-0.564
karger-rapid~cw-robot-tax+swf,-112.8,-78.2,-52.5,-82.9,price_reduction_share,0.4474
karger-rapid~cw-robot-tax+fed-vat,-1163.5,-996.6,-816.3,-991.2,fed_vat_rate,-0.9916
karger-rapid~grt-robot-tax+ubi,1033.3,1273.9,1519.9,1271.5,ubi_annual,0.9197
karger-rapid~grt-robot-tax+compute-parity,-58.4,-38.3,-21.4,-42.1,reabsorption_rate,-0.5508
karger-rapid~grt-robot-tax+swf,-115.6,-81.0,-55.4,-85.6,adoption_end,-0.447
karger-rapid~grt-robot-tax+fed-vat,-1166.1,-999.1,-818.0,-993.8,fed_vat_rate,-0.9915
karger-rapid~ubi+compute-parity,1047.4,1279.5,1484.3,1253.9,ubi_annual,0.9083
karger-rapid~ubi+swf,975.2,1221.1,1465.5,1210.8,ubi_annual,0.926
karger-rapid~ubi+fed-vat,-94.8,278.0,569.3,240.7,ubi_annual,0.793
karger-rapid~compute-parity+swf,-130.0,-96.1,-70.0,-102.9,adoption_end,-0.5468
karger-rapid~compute-parity+fed-vat,-1192.9,-992.0,-837.4,-1011.4,fed_vat_rate,-0.9934
karger-rapid~swf+fed-vat,-1233.3,-1048.9,-890.5,-1054.5,fed_vat_rate,-0.9818
karger-rapid~cw-robot-tax+ubi+compute-parity,1014.1,1254.0,1497.2,1251.1,ubi_annual,0.9191
karger-rapid~cw-robot-tax+ubi+swf,997.3,1205.8,1453.0,1207.7,ubi_annual,0.9013
karger-rapid~cw-robot-tax+ubi+fed-vat,-28.0,227.4,558.9,237.8,ubi_annual,0.678
karger-rapid~cw-robot-tax+compute-parity+swf,-138.7,-100.8,-71.0,-105.9,adoption_end,-0.5018
karger-rapid~cw-robot-tax+compute-parity+fed-vat,-1190.8,-1021.4,-835.8,-1014.2,fed_vat_rate,-0.9903
karger-rapid~cw-robot-tax+swf+fed-vat,-1263.6,-1045.6,-902.2,-1057.6,fed_vat_rate,-0.9836
karger-rapid~grt-robot-tax+ubi+compute-parity,1011.4,1251.9,1493.9,1248.5,ubi_annual,0.9192
karger-rapid~grt-robot-tax+ubi+swf,993.9,1203.2,1450.4,1205.0,ubi_annual,0.9009
karger-rapid~grt-robot-tax+ubi+fed-vat,-30.4,225.4,556.2,235.3,ubi_annual,0.6787
karger-rapid~grt-robot-tax+compute-parity+swf,-142.2,-103.2,-73.2,-108.6,adoption_end,-0.5093
karger-rapid~grt-robot-tax+compute-parity+fed-vat,-1194.0,-1023.8,-838.6,-1016.8,fed_vat_rate,-0.9901
karger-rapid~grt-robot-tax+swf+fed-vat,-1265.9,-1049.1,-905.7,-1060.3,fed_vat_rate,-0.9833
karger-rapid~ubi+compute-parity+swf,948.9,1197.3,1445.8,1187.7,ubi_annual,0.9247
karger-rapid~ubi+compute-parity+fed-vat,-121.6,251.2,547.6,217.7,ubi_annual,0.7912
karger-rapid~ubi+swf+fed-vat,-132.7,155.2,477.6,174.5,ubi_annual,0.6848
karger-rapid~compute-parity+swf+fed-vat,-1254.7,-1071.8,-914.0,-1077.6,fed_vat_rate,-0.9773
karger-rapid~cw-robot-tax+ubi+compute-parity+swf,975.3,1182.3,1432.7,1184.7,ubi_annual,0.8993
karger-rapid~cw-robot-tax+ubi+compute-parity+fed-vat,-50.5,204.9,529.5,214.8,ubi_annual,0.6803
karger-rapid~cw-robot-tax+ubi+swf+fed-vat,-148.8,156.8,493.3,171.5,ubi_annual,0.7216
karger-rapid~cw-robot-tax+compute-parity+swf+fed-vat,-1282.5,-1069.4,-924.2,-1080.6,fed_vat_rate,-0.9793
karger-rapid~grt-robot-tax+ubi+compute-parity+swf,973.3,1179.2,1429.0,1182.0,ubi_annual,0.8993
karger-rapid~grt-robot-tax+ubi+compute-parity+fed-vat,-52.3,201.8,526.2,212.3,ubi_annual,0.6805
karger-rapid~grt-robot-tax+ubi+swf+fed-vat,-152.4,153.7,490.7,168.8,ubi_annual,0.7213
karger-rapid~grt-robot-tax+compute-parity+swf+fed-vat,-1284.6,-1072.6,-926.9,-1083.3,fed_vat_rate,-0.979
karger-rapid~ubi+compute-parity+swf+fed-vat,-147.8,128.0,452.2,151.5,ubi_annual,0.6835
karger-rapid~cw-robot-tax+ubi+compute-parity+swf+fed-vat,-174.7,129.6,475.2,148.5,ubi_annual,0.7213
karger-rapid~grt-robot-tax+ubi+compute-parity+swf+fed-vat,-177.0,126.7,472.7,145.8,ubi_annual,0.7208
metaculus-2035,-86.8,-61.6,-43.1,-67.5,reabsorption_rate,-0.5382
metaculus-2035~cw-robot-tax,-90.6,-68.4,-47.7,-69.8,reabsorption_rate,-0.5106
metaculus-2035~grt-robot-tax,-92.9,-70.3,-49.7,-71.8,reabsorption_rate,-0.5023
metaculus-2035~ubi,991.2,1233.4,1481.4,1225.5,ubi_annual,0.9274
metaculus-2035~compute-parity,-109.1,-78.2,-58.4,-85.9,adoption_end,-0.527
metaculus-2035~swf,-174.6,-130.0,-98.7,-136.4,adoption_end,-0.5805
metaculus-2035~fed-vat,-1226.4,-1056.7,-864.7,-1048.0,fed_vat_rate,-0.9887
metaculus-2035~cw-robot-tax+ubi,1006.1,1217.9,1462.2,1223.2,ubi_annual,0.9032
metaculus-2035~cw-robot-tax+compute-parity,-113.0,-84.6,-61.7,-88.2,adoption_end,-0.5081
metaculus-2035~cw-robot-tax+swf,-176.0,-137.8,-105.2,-138.8,adoption_end,-0.6536
metaculus-2035~cw-robot-tax+fed-vat,-1232.4,-1048.7,-883.7,-1050.3,fed_vat_rate,-0.9907
metaculus-2035~grt-robot-tax+ubi,1004.4,1215.1,1459.6,1221.2,ubi_annual,0.9028
metaculus-2035~grt-robot-tax+compute-parity,-115.4,-86.7,-62.9,-90.3,adoption_end,-0.5145
metaculus-2035~grt-robot-tax+swf,-178.4,-140.2,-106.6,-141.0,adoption_end,-0.6596
metaculus-2035~grt-robot-tax+fed-vat,-1234.7,-1050.5,-885.8,-1052.3,fed_vat_rate,-0.9906
metaculus-2035~ubi+compute-parity,970.7,1217.7,1457.9,1207.0,ubi_annual,0.9266
metaculus-2035~ubi+swf,904.2,1150.2,1351.9,1156.5,ubi_annual,0.892
metaculus-2035~ubi+fed-vat,-117.4,181.1,450.9,183.5,ubi_annual,0.6658
metaculus-2035~compute-parity+swf,-195.0,-149.8,-111.8,-154.9,adoption_end,-0.6004
metaculus-2035~compute-parity+fed-vat,-1246.3,-1074.1,-883.5,-1066.4,fed_vat_rate,-0.9859
metaculus-2035~swf+fed-vat,-1319.7,-1108.7,-956.0,-1116.9,fed_vat_rate,-0.9738
metaculus-2035~cw-robot-tax+ubi+compute-parity,991.8,1197.7,1449.8,1204.7,ubi_annual,0.9028
metaculus-2035~cw-robot-tax+ubi+swf,910.9,1136.6,1409.0,1154.1,ubi_annual,0.9118
metaculus-2035~cw-robot-tax+ubi+fed-vat,-132.5,191.8,445.4,181.2,ubi_annual,0.7185
metaculus-2035~cw-robot-tax+compute-parity+swf,-199.5,-155.2,-119.9,-157.3,adoption_end,-0.686
metaculus-2035~cw-robot-tax+compute-parity+fed-vat,-1253.6,-1068.5,-899.0,-1068.7,fed_vat_rate,-0.9887
metaculus-2035~cw-robot-tax+swf+fed-vat,-1314.8,-1126.6,-929.1,-1119.4,fed_vat_rate,-0.9667
metaculus-2035~grt-robot-tax+ubi+compute-parity,990.3,1195.9,1447.1,1202.7,ubi_annual,0.9027
metaculus-2035~grt-robot-tax+ubi+swf,908.0,1134.6,1407.1,1152.0,ubi_annual,0.9115
metaculus-2035~grt-robot-tax+ubi+fed-vat,-134.3,189.6,443.2,179.2,ubi_annual,0.7185
metaculus-2035~grt-robot-tax+compute-parity+swf,-202.2,-157.5,-121.4,-159.5,adoption_end,-0.6904
metaculus-2035~grt-robot-tax+compute-parity+fed-vat,-1255.4,-1071.1,-900.7,-1070.8,fed_vat_rate,-0.9883
metaculus-2035~grt-robot-tax+swf+fed-vat,-1316.2,-1128.9,-931.5,-1121.5,fed_vat_rate,-0.9661
metaculus-2035~ubi+compute-parity+swf,881.0,1130.9,1335.6,1138.1,ubi_annual,0.8901
metaculus-2035~ubi+compute-parity+fed-vat,-137.6,161.0,430.7,165.1,ubi_annual,0.6671
metaculus-2035~ubi+swf+fed-vat,-221.4,116.1,380.1,114.6,ubi_annual,0.6633
metaculus-2035~compute-parity+swf+fed-vat,-1335.6,-1128.0,-972.4,-1135.4,fed_vat_rate,-0.969
metaculus-2035~cw-robot-tax+ubi+compute-parity+swf,892.1,1120.0,1392.1,1135.6,ubi_annual,0.9093
metaculus-2035~cw-robot-tax+ubi+compute-parity+fed-vat,-146.9,169.0,425.8,162.8,ubi_annual,0.7172
metaculus-2035~cw-robot-tax+ubi+swf+fed-vat,-160.9,105.0,405.9,112.2,ubi_annual,0.6438
metaculus-2035~cw-robot-tax+compute-parity+swf+fed-vat,-1332.8,-1146.3,-950.1,-1137.8,fed_vat_rate,-0.9611
metaculus-2035~grt-robot-tax+ubi+compute-parity+swf,889.5,1118.0,1390.1,1133.5,ubi_annual,0.909
metaculus-2035~grt-robot-tax+ubi+compute-parity+fed-vat,-149.4,166.9,423.7,160.7,ubi_annual,0.7168
metaculus-2035~grt-robot-tax+ubi+swf+fed-vat,-163.4,102.3,403.9,110.0,ubi_annual,0.6437
metaculus-2035~grt-robot-tax+compute-parity+swf+fed-vat,-1335.5,-1148.0,-951.6,-1140.0,fed_vat_rate,-0.9607
metaculus-2035~ubi+compute-parity+swf+fed-vat,-242.5,98.7,360.0,96.1,ubi_annual,0.6621
metaculus-2035~cw-robot-tax+ubi+compute-parity+swf+fed-vat,-175.4,89.5,389.4,93.7,ubi_annual,0.6405
metaculus-2035~grt-robot-tax+ubi+compute-parity+swf+fed-vat,-177.9,87.1,387.0,91.5,ubi_annual,0.6399
openai-transition,-137.3,-105.6,-75.8,-111.4,cognitive_feasibility,-0.5418
openai-transition~cw-robot-tax,-145.9,-108.6,-83.4,-115.6,adoption_end,-0.6253
openai-transition~grt-robot-tax,-150.8,-112.0,-86.2,-119.2,adoption_end,-0.6347
openai-transition~ubi,920.6,1201.0,1441.3,1179.7,ubi_annual,0.9091
openai-transition~compute-parity,-180.2,-137.5,-104.0,-144.6,cognitive_feasibility,-0.6052
openai-transition~swf,-261.7,-197.1,-155.2,-206.9,adoption_end,-0.639
openai-transition~fed-vat,-1250.7,-1085.7,-912.3,-1087.7,fed_vat_rate,-0.9797
openai-transition~cw-robot-tax+ubi,959.4,1183.2,1401.5,1175.5,ubi_annual,0.902
openai-transition~cw-robot-tax+compute-parity,-189.2,-140.8,-109.4,-148.7,adoption_end,-0.6645
openai-transition~cw-robot-tax+swf,-264.0,-197.6,-155.6,-211.2,adoption_end,-0.6061
openai-transition~cw-robot-tax+fed-vat,-1275.3,-1077.2,-918.8,-1091.8,fed_vat_rate,-0.9824
openai-transition~grt-robot-tax+ubi,954.8,1179.8,1398.0,1171.9,ubi_annual,0.902
openai-transition~grt-robot-tax+compute-parity,-194.2,-143.9,-113.3,-152.4,adoption_end,-0.6734
openai-transition~grt-robot-tax+swf,-268.2,-201.7,-158.7,-215.1,adoption_end,-0.6089
openai-transition~grt-robot-tax+fed-vat,-1279.2,-1079.8,-922.3,-1095.5,fed_vat_rate,-0.9815
openai-transition~ubi+compute-parity,889.6,1167.3,1407.0,1146.5,ubi_annual,0.9033
openai-transition~ubi+swf,878.2,1106.3,1352.9,1084.2,ubi_annual,0.888
openai-transition~ubi+fed-vat,-91.6,180.6,456.6,141.7,ubi_annual,0.6902
openai-transition~compute-parity+swf,-303.3,-228.2,-181.0,-240.0,adoption_end,-0.6723
openai-transition~compute-parity+fed-vat,-1284.1,-1118.4,-943.7,-1120.8,fed_vat_rate,-0.9707
openai-transition~swf+fed-vat,-1337.4,-1190.9,-1001.8,-1183.1,fed_vat_rate,-0.9488
openai-transition~cw-robot-tax+ubi+compute-parity,925.0,1155.5,1378.0,1142.4,ubi_annual,0.8992
openai-transition~cw-robot-tax+ubi+swf,831.0,1086.0,1335.2,1079.9,ubi_annual,0.9056
openai-transition~cw-robot-tax+ubi+fed-vat,-152.4,142.8,428.0,137.6,ubi_annual,0.7492
openai-transition~cw-robot-tax+compute-parity+swf,-305.4,-229.2,-181.3,-244.4,adoption_end,-0.6334
openai-transition~cw-robot-tax+compute-parity+fed-vat,-1301.3,-1107.9,-947.0,-1125.0,fed_vat_rate,-0.973
openai-transition~cw-robot-tax+swf+fed-vat,-1369.6,-1188.9,-1016.9,-1187.5,fed_vat_rate,-0.9361
openai-transition~grt-robot-tax+ubi+compute-parity,920.5,1152.1,1375.6,1138.7,ubi_annual,0.8989
openai-transition~grt-robot-tax+ubi+swf,826.9,1082.0,1330.4,1076.0,ubi_annual,0.9047
openai-transition~grt-robot-tax+ubi+fed-vat,-155.7,139.6,425.6,133.9,ubi_annual,0.7491
openai-transition~grt-robot-tax+compute-parity+swf,-309.6,-232.5,-184.2,-248.3,adoption_end,-0.6362
openai-transition~grt-robot-tax+compute-parity+fed-vat,-1304.8,-1112.5,-950.9,-1128.7,fed_vat_rate,-0.9724
openai-transition~grt-robot-tax+swf+fed-vat,-1372.9,-1193.6,-1020.6,-1191.3,fed_vat_rate,-0.9354
openai-transition~ubi+compute-parity+swf,833.9,1068.7,1318.6,1051.1,ubi_annual,0.8831
openai-transition~ubi+compute-parity+fed-vat,-125.2,145.1,422.8,108.6,ubi_annual,0.6941
openai-transition~ubi+swf+fed-vat,-244.6,85.3,345.2,46.3,ubi_annual,0.7102
openai-transition~compute-parity+swf+fed-vat,-1373.8,-1222.1,-1028.5,-1216.3,fed_vat_rate,-0.9347
openai-transition~cw-robot-tax+ubi+compute-parity+swf,802.1,1052.2,1308.6,1046.7,ubi_annual,0.8995
openai-transition~cw-robot-tax+ubi+compute-parity+fed-vat,-196.5,117.1,400.4,104.4,ubi_annual,0.7477
openai-transition~cw-robot-tax+ubi+swf+fed-vat,-222.7,23.2,339.2,41.9,fed_vat_rate,-0.6415
openai-transition~cw-robot-tax+compute-parity+swf+fed-vat,-1401.6,-1221.1,-1048.4,-1220.6,fed_vat_rate,-0.9227
openai-transition~grt-robot-tax+ubi+compute-parity+swf,798.0,1048.4,1303.9,1042.8,ubi_annual,0.8986
openai-transition~grt-robot-tax+ubi+compute-parity+fed-vat,-199.8,114.0,397.8,100.8,ubi_annual,0.7479
openai-transition~grt-robot-tax+ubi+swf+fed-vat,-227.9,17.4,334.4,38.1,fed_vat_rate,-0.6416
openai-transition~grt-robot-tax+compute-parity+swf+fed-vat,-1405.2,-1225.3,-1052.4,-1224.5,fed_vat_rate,-0.9207
openai-transition~ubi+compute-parity+swf+fed-vat,-268.5,52.5,310.4,13.1,ubi_annual,0.7047
openai-transition~cw-robot-tax+ubi+compute-parity+swf+fed-vat,-253.9,-15.2,305.5,8.8,fed_vat_rate,-0.6397
openai-transition~grt-robot-tax+ubi+compute-parity+swf+fed-vat,-258.2,-19.8,302.0,4.9,fed_vat_rate,-0.6394
